{"cameraMode":{"drawMode":0,"name":"Shaded","section":"Shading Mode"},"sceneLighting":true,"audioPlay":false,"sceneViewState":{"m_AlwaysRefresh":false,"showFog":true,"showSkybox":true,"showFlares":true,"showImageEffects":true,"showParticleSystems":true,"showVisualEffectGraphs":true,"m_FxEnabled":true},"in2DMode":false,"pivot":{"x":327.141357421875,"y":-60.18278503417969,"z":129.0516815185547},"rotation":{"x":0.49591004848480227,"y":-0.033854927867650989,"z":0.019343651831150056,"w":0.8675157427787781},"size":759.8020629882813,"orthographic":false}